INSERT [dbo].[Aux_Asesor] ([Codigo_Asesor], [Nombre], [Supervisor]) VALUES (1, N'admin', 1)
INSERT [dbo].[Aux_Sucursal] ([Codigo_Sucursal], [Nombre]) VALUES (CAST(1 AS Numeric(18, 0)), N'CARACAS')
INSERT [dbo].[Sec_Rol] ([Codigo_Rol], [Nombre], [Descripcion]) VALUES (1, N'Administrador', N'Administrador del Sistema')
INSERT [dbo].[Sec_Rol] ([Codigo_Rol], [Nombre], [Descripcion]) VALUES (2, N'Publicar Promocion', N'Encargado de publicar las promos existentes')
INSERT [dbo].[Sec_Rol] ([Codigo_Rol], [Nombre], [Descripcion]) VALUES (4, N'Ver Promocion', N'Permiso para apreciar las promociones')
INSERT [dbo].[Sec_Rol] ([Codigo_Rol], [Nombre], [Descripcion]) VALUES (5, N'Cotizar Promocion', N'Asesores Encargados de Cotizar Promociones')
INSERT [dbo].[Sec_Rol] ([Codigo_Rol], [Nombre], [Descripcion]) VALUES (6, N'Supervisar Cotizaciones', N'Asesoresn Encargados de Supervisar Cotizaciones')
INSERT [dbo].[Sec_Rol] ([Codigo_Rol], [Nombre], [Descripcion]) VALUES (7, N'Ver Cotizaciones', N'Asesores que Solo permiso para ver')
INSERT [dbo].[Sec_Rol] ([Codigo_Rol], [Nombre], [Descripcion]) VALUES (3, N'Crear/Editar Promocion', N'Encargado de crear/editar las promos del site')
INSERT [dbo].[Sec_Rol_Transaccion] ([Codigo_Rol], [Codigo_Transaccion]) VALUES (1, 1)
INSERT [dbo].[Sec_Rol_Transaccion] ([Codigo_Rol], [Codigo_Transaccion]) VALUES (1, 9)
INSERT [dbo].[Sec_Rol_Transaccion] ([Codigo_Rol], [Codigo_Transaccion]) VALUES (1, 13)
INSERT [dbo].[Sec_Rol_Transaccion] ([Codigo_Rol], [Codigo_Transaccion]) VALUES (2, 2)
INSERT [dbo].[Sec_Rol_Transaccion] ([Codigo_Rol], [Codigo_Transaccion]) VALUES (2, 6)
INSERT [dbo].[Sec_Rol_Transaccion] ([Codigo_Rol], [Codigo_Transaccion]) VALUES (2, 7)
INSERT [dbo].[Sec_Rol_Transaccion] ([Codigo_Rol], [Codigo_Transaccion]) VALUES (2, 13)
INSERT [dbo].[Sec_Rol_Transaccion] ([Codigo_Rol], [Codigo_Transaccion]) VALUES (3, 2)
INSERT [dbo].[Sec_Rol_Transaccion] ([Codigo_Rol], [Codigo_Transaccion]) VALUES (3, 3)
INSERT [dbo].[Sec_Rol_Transaccion] ([Codigo_Rol], [Codigo_Transaccion]) VALUES (4, 2)
INSERT [dbo].[Sec_Rol_Transaccion] ([Codigo_Rol], [Codigo_Transaccion]) VALUES (4, 5)
INSERT [dbo].[Sec_Rol_Transaccion] ([Codigo_Rol], [Codigo_Transaccion]) VALUES (4, 6)
INSERT [dbo].[Sec_Rol_Transaccion] ([Codigo_Rol], [Codigo_Transaccion]) VALUES (4, 7)
INSERT [dbo].[Sec_Rol_Transaccion] ([Codigo_Rol], [Codigo_Transaccion]) VALUES (4, 8)
INSERT [dbo].[Sec_Rol_Transaccion] ([Codigo_Rol], [Codigo_Transaccion]) VALUES (4, 10)
INSERT [dbo].[Sec_Rol_Transaccion] ([Codigo_Rol], [Codigo_Transaccion]) VALUES (4, 11)
INSERT [dbo].[Sec_Rol_Transaccion] ([Codigo_Rol], [Codigo_Transaccion]) VALUES (7, 12)
INSERT [dbo].[Sec_Rol_Transaccion] ([Codigo_Rol], [Codigo_Transaccion]) VALUES (8, 13)
INSERT [dbo].[Sec_Rol_Transaccion] ([Codigo_Rol], [Codigo_Transaccion]) VALUES (9, 14)
INSERT [dbo].[Sec_Transaccion] ([Codigo_Transaccion], [Nombre], [Descripcion], [Grupo], [Requiere_Confirmacion]) VALUES (1, N'Administrar seguridad', N'Administrar la seguridad del sistema', N'Administración', 0)
INSERT [dbo].[Sec_Transaccion] ([Codigo_Transaccion], [Nombre], [Descripcion], [Grupo], [Requiere_Confirmacion]) VALUES (2, N'Consultar Solicitudes', N'Consultar Solicitudes', N'Solicitud de Boletos', 0)
INSERT [dbo].[Sec_Transaccion] ([Codigo_Transaccion], [Nombre], [Descripcion], [Grupo], [Requiere_Confirmacion]) VALUES (3, N'Registrar Nueva Solicitud', N'Registrar Nueva Solicitud', N'Solicitud de Boletos', 0)
INSERT [dbo].[Sec_Transaccion] ([Codigo_Transaccion], [Nombre], [Descripcion], [Grupo], [Requiere_Confirmacion]) VALUES (5, N'Consultar Solicitudes de Todos los Agentes y Clientes', N'Consultar Solicitudes de Todos los Agentes y Clientes', N'Solicitud de Boletos', 0)
INSERT [dbo].[Sec_Transaccion] ([Codigo_Transaccion], [Nombre], [Descripcion], [Grupo], [Requiere_Confirmacion]) VALUES (6, N'Reservar Solicitud', N'Reservar Solicitud', N'Solicitud de Boletos', 0)
INSERT [dbo].[Sec_Transaccion] ([Codigo_Transaccion], [Nombre], [Descripcion], [Grupo], [Requiere_Confirmacion]) VALUES (7, N'Anular Solicitud', N'Anular Solicitud', N'Solicitud de Boletos', 0)
INSERT [dbo].[Sec_Transaccion] ([Codigo_Transaccion], [Nombre], [Descripcion], [Grupo], [Requiere_Confirmacion]) VALUES (8, N'Colocar Nro. Factura', N'Colocar Nro. Factura', N'Solicitud de Boletos', 0)
INSERT [dbo].[Sec_Transaccion] ([Codigo_Transaccion], [Nombre], [Descripcion], [Grupo], [Requiere_Confirmacion]) VALUES (9, N'Administrar Parámetros', N'Administrar parámetros de configuración general', N'Administración', 0)
INSERT [dbo].[Sec_Transaccion] ([Codigo_Transaccion], [Nombre], [Descripcion], [Grupo], [Requiere_Confirmacion]) VALUES (10, N'Administrar Clientes', N'Administrar clientes', N'Administración', 0)
INSERT [dbo].[Sec_Transaccion] ([Codigo_Transaccion], [Nombre], [Descripcion], [Grupo], [Requiere_Confirmacion]) VALUES (11, N'Administrar Agentes', N'Administrar agentes', N'Administración', 0)
INSERT [dbo].[Sec_Transaccion] ([Codigo_Transaccion], [Nombre], [Descripcion], [Grupo], [Requiere_Confirmacion]) VALUES (12, N'Reserva de Vuelos', N'Acceso a reserva de vuelos a través de Advantage.Res', N'Sabre', 0)
INSERT [dbo].[Sec_Transaccion] ([Codigo_Transaccion], [Nombre], [Descripcion], [Grupo], [Requiere_Confirmacion]) VALUES (13, N'Consultar Solicitudes de todos los usuarios de un cliente', N'Permite consultar las solicitudes de todos los usuarios de un cliente, en caso de que el cliente lo tenga restringido sólo a supervisores', N'Solicitud de Boletos', 0)
INSERT [dbo].[Sec_Transaccion] ([Codigo_Transaccion], [Nombre], [Descripcion], [Grupo], [Requiere_Confirmacion]) VALUES (14, N'Ver Formularios de Contacto', N'Ver Formularios de Contacto', N'Website', 0)
INSERT [dbo].[Sec_Usuario] ([Login], [Nombre], [Descripcion], [Email], [Observaciones], [Activo], [Password], [Pregunta_Olvido_Password], [Respuesta_Olvido_Password], [salt], [codigo_recordatorio], [codigo_recordatorio_encriptado]) VALUES (N'israelb', '', '', N'israelb@web3F.com', '', 1, '', '', '', '', NULL, NULL)
INSERT [dbo].[Sec_Usuario_Rol] ([Login], [Codigo_Rol], [Asociado_A]) VALUES (N'israelb', 5, CAST(1 AS Numeric(18, 0)))
INSERT [dbo].[Sec_Usuario_Rol] ([Login], [Codigo_Rol], [Asociado_A]) VALUES (N'israelb', 6, NULL)
INSERT [dbo].[Sec_Usuario_Rol] ([Login], [Codigo_Rol], [Asociado_A]) VALUES (N'israelb', 7, NULL)
INSERT [dbo].[Sec_Usuario_Rol] ([Login], [Codigo_Rol], [Asociado_A]) VALUES (N'israelb', 1, NULL)
INSERT [dbo].[Sec_Usuario_Rol] ([Login], [Codigo_Rol], [Asociado_A]) VALUES (N'israelb', 3, NULL)
INSERT [dbo].[Sec_Usuario_Rol] ([Login], [Codigo_Rol], [Asociado_A]) VALUES (N'israelb', 2, NULL)
INSERT [dbo].[Sec_Usuario_Rol] ([Login], [Codigo_Rol], [Asociado_A]) VALUES (N'israelb', 4, NULL)

